create table t (
a int,
b int without system versioning
) with system versioning;
insert into t values(1, 2);
set @p0= now(6);
update t set b= 4;
select * from t;
a	b
1	4
select * from t for system_time as of @p0;
a	b
1	4
Warnings:
Warning	4108	Attempt to read unversioned field `b` in historical query
select * from t for system_time as of @p0 order by b asc;
a	b
1	4
Warnings:
Warning	4108	Attempt to read unversioned field `b` in historical query
select count(*) from t for system_time as of @p0 group by b;
count(*)
1
Warnings:
Warning	4108	Attempt to read unversioned field `b` in historical query
select * from t for system_time as of @p0 group by b having b = 4;
a	b
1	4
Warnings:
Warning	4108	Attempt to read unversioned field `b` in historical query
select * from t for system_time as of @p0 where b = 4;
a	b
1	4
Warnings:
Warning	4108	Attempt to read unversioned field `b` in historical query
Warning	4108	Attempt to read unversioned field `b` in historical query
drop table t;
