create table t1 (x int) with system versioning engine innodb;
insert into t1 values (1);
select now(6) into @t1;
update t1 set x= 2;
select now(6) into @t2;
delete from t1;
set @vt1= concat("create view vt1 as select * from t1 for system_time as of timestamp '", @t1, "'");
prepare stmt from @vt1;
execute stmt;
drop prepare stmt;
set @vt2= concat("create view vt2 as select * from t1 for system_time as of timestamp '", @t2, "'");
prepare stmt from @vt2;
execute stmt;
drop prepare stmt;
select * from vt1 query for system_time all;
x
1
select * from vt2 query for system_time all;
x
2
select * from t1;
x
create or replace view vt1 as select * from t1;
show create view vt1;
View	Create View	character_set_client	collation_connection
vt1	CREATE ALGORITHM=UNDEFINED DEFINER=`root`@`localhost` SQL SECURITY DEFINER VIEW `vt1` AS select `t1`.`x` AS `x`,`t1`.`sys_trx_start` AS `sys_trx_start`,`t1`.`sys_trx_end` AS `sys_trx_end` from `t1` where `t1`.`sys_trx_end` = 18446744073709551615 query for system_time all 	latin1	latin1_swedish_ci
drop view vt1;
drop view vt2;
create view vt1 as select * from t1 query for system_time all;
select * from vt1 query for system_time all;
x
2
1
prepare stmt from 'select * from vt1 query for system_time all';
execute stmt;
x
2
1
drop prepare stmt;
select * from vt1;
x
prepare stmt from 'select * from vt1';
execute stmt;
x
drop prepare stmt;
select * from t1 query for system_time as of timestamp @t1;
x
1
select * from vt1 query for system_time as of timestamp @t1;
x
1
prepare stmt from 'select * from vt1 query for system_time as of timestamp @t1';
execute stmt;
x
drop prepare stmt;
create or replace view vt1 as select * from t1;
select * from vt1 query for system_time all;
x
prepare stmt from 'select * from vt1 query for system_time all';
execute stmt;
x
drop prepare stmt;
insert into vt1 values (3);
select * from t1;
x
3
select * from vt1;
x
3
select * from t1 query for system_time all;
x
2
1
3
select * from vt1 query for system_time all;
x
3
drop view vt1;
drop table t1;
